{
  "preset": "Default",
  "remembered": {
    "Default": {
      "0": {
        "fpsDenominator": 4.812383782688492,
        "animationDulation01": 6.368470425743967,
        "animationDulation02": 7.233218498799457,
        "animationDulation03": 4.812383782688492,
        "animationDulation04": 5.656435953648606,
        "cameraAnimationStartTiming": 7,
        "cameraAnimationDulation": 7,
        "errorInTIming": 7,
        "errorOutTiming": 7,
        "visibleOuterWalls": true,
        "visibleBackground": false,
        "visibleDancingErrors": true,
        "visibleErrors": true,
        "visibleMail": false,
        "errorsLoiter": true,
        "displayFps": false,
        "displayDebugInfo": false,
        "cameraStartFov": 48,
        "cameraAfterFov": 80.30992758684317,
        "cameraAnimeation01PosX": -33.071213682498865,
        "cameraAnimeation01PosY": -0.10327632962867028,
        "cameraAnimeation01PosZ": 46.05223840503112,
        "cameraAnimeation01LookX": 3.8943074167596876,
        "cameraAnimeation01LookY": 0,
        "cameraAnimeation01LookZ": 0,
        "backgroundAnimationX": 0,
        "backgroundAnimationY": 0,
        "backgroundAnimationZ": -50,
        "dancingErrorbaseWindowScale": 0.5512237515637334,
        "errorGuiInterval": 20,
        "errorGuiColor": [
          198.2319118407358,
          128.7212506462546,
          207.5
        ],
        "dancingErrorOffsetX": 0,
        "dancingErrorOffsetY": 0,
        "dancingErrorNoiseScaleX": 0.005670469127068017,
        "dancingErrorNoiseScaleY": 0.003824272684120115,
        "dancingErrorWorkAreaWidth": 3.63965706423174,
        "dancingErrorWorkAreaHeight": 11.024475031274667,
        "dancingErrorTrackAreaWidth": 20.374181259667377,
        "dancingErrorTrackAreaHeight": 46.08917239490615,
        "dancingErrorExcursionWidth": 17.736746271437763,
        "dancingErrorExcursionHeight": 37.51750868315989,
        "errorGuiSide": [
          33.9241382355327,
          129.64860206817312,
          123.2254208872162
        ],
        "errorGuiBack": [
          0,
          128,
          255
        ],
        "errorPopUpRangeX_min": -46.015203804995764,
        "errorPopUpRangeX_max": 96.40628555940356,
        "errorPopUpRangeY_min": 5.233639932736068,
        "errorPopUpRangeY_max": 5.761078637505008,
        "errorPopUpRangeZ_min": 0,
        "errorPopUpRangeZ_max": 0,
        "diffErrorPosX": 67.45235153109547,
        "diffErrorPosY": 63.49619904875106,
        "diffErrorPosZ": 0,
        "errorPopUpDuration": 0.5,
        "errorBaseWindowScale": 0.4773750889645343,
        "outerWallPositionX": 0,
        "outerWallPositionY": 0,
        "outerWallPositionZ": -2374.9259760745017,
        "gradThreshold": 0,
        "gradThresholdDulation": 2,
        "backgroundColor": [
          232.5,
          98.47075518439797,
          227.06638196693518
        ],
        "backgroundEndColor": [
          87.8530973546645,
          95.47938574556665,
          217.5
        ],
        "outerStartColor": [
          255,
          229,
          196
        ],
        "outerEndColor": [
          180.52957871380974,
          223.32874918478993,
          232.5
        ]
      }
    }
  },
  "closed": false,
  "folders": {
    "visibles": {
      "preset": "Default",
      "closed": true,
      "folders": {}
    },
    "animation settings": {
      "preset": "Default",
      "closed": false,
      "folders": {}
    },
    "camera animation": {
      "preset": "Default",
      "closed": false,
      "folders": {}
    },
    "dancing errors": {
      "preset": "Default",
      "closed": true,
      "folders": {}
    },
    "error gui": {
      "preset": "Default",
      "closed": false,
      "folders": {}
    },
    "background": {
      "preset": "Default",
      "closed": true,
      "folders": {}
    },
    "outerWall": {
      "preset": "Default",
      "closed": false,
      "folders": {}
    },
    "dom": {
      "preset": "Default",
      "closed": false,
      "folders": {}
    }
  }
}