{
  "preset": "Default",
  "remembered": {
    "Default": {
      "0": {
        "visibleOuterWalls": true,
        "visibleBackground": true,
        "visibleDancingErrors": true,
        "visibleErrors": true,
        "visibleMail": false,
        "errorsLoiter": true,
        "displayFps": false,
        "displayDebugInfo": false,
        "cameraAnimeation01PosX": -39.664801153072915,
        "cameraAnimeation01PosY": 0,
        "cameraAnimeation01PosZ": 17.699490329049524,
        "cameraAnimeation01LookX": 3.8943074167596876,
        "cameraAnimeation01LookY": 0,
        "cameraAnimeation01LookZ": 0,
        "backgroundAnimationX": 0,
        "backgroundAnimationY": 0,
        "backgroundAnimationZ": -50,
        "dancingErrorbaseWindowScale": 0.5512237515637334,
        "errorGuiInterval": 20,
        "errorGuiColor": [
          198.2319118407358,
          128.7212506462546,
          207.5
        ],
        "dancingErrorOffsetX": 0,
        "dancingErrorOffsetY": 0,
        "dancingErrorNoiseScaleX": 0.008044144518849012,
        "dancingErrorNoiseScaleY": 0.006066068277676799,
        "dancingErrorWorkAreaWidth": 3.63965706423174,
        "dancingErrorWorkAreaHeight": 11.024475031274667,
        "dancingErrorTrackAreaWidth": 20.374181259667377,
        "dancingErrorTrackAreaHeight": 46.08917239490615,
        "dancingErrorExcursionWidth": 17.736746271437763,
        "dancingErrorExcursionHeight": 37.51750868315989,
        "errorGuiSide": [
          33.9241382355327,
          129.64860206817312,
          123.2254208872162
        ],
        "errorGuiBack": [
          0,
          128,
          255
        ],
        "errorPopUpRangeX_min": -70.30779137153897,
        "errorPopUpRangeX_max": -10.964584674822902,
        "errorPopUpRangeY_min": 5.233639932736068,
        "errorPopUpRangeY_max": -10.590969996641633,
        "errorPopUpRangeZ_min": 0,
        "errorPopUpRangeZ_max": 0,
        "diffErrorPosX": 63.10062002017435,
        "diffErrorPosY": 132.33328846120182,
        "diffErrorPosZ": 0,
        "errorPopUpDuration": 0.5,
        "errorBaseWindowScale": 0.4721007019168449,
        "outerWallPositionX": 0,
        "outerWallPositionY": 0,
        "outerWallPositionZ": -2500,
        "gradThreshold": 0,
        "gradThresholdDulation": 2,
        "backgroundColor": [
          237,
          163,
          234
        ],
        "backgroundEndColor": [
          161,
          211,
          200
        ],
        "outerStartColor": [
          87.00010411879595,
          217.5,
          217.5
        ],
        "outerEndColor": [
          235.00000000000003,
          222.74857148167175,
          130.86285759420957
        ]
      }
    }
  },
  "closed": false,
  "folders": {
    "visibles": {
      "preset": "Default",
      "closed": false,
      "folders": {}
    },
    "animation settings": {
      "preset": "Default",
      "closed": false,
      "folders": {}
    },
    "camera animation": {
      "preset": "Default",
      "closed": false,
      "folders": {}
    },
    "dancing errors": {
      "preset": "Default",
      "closed": true,
      "folders": {}
    },
    "error gui": {
      "preset": "Default",
      "closed": true,
      "folders": {}
    },
    "background": {
      "preset": "Default",
      "closed": true,
      "folders": {}
    },
    "outerWall": {
      "preset": "Default",
      "closed": true,
      "folders": {}
    },
    "dom": {
      "preset": "Default",
      "closed": true,
      "folders": {}
    }
  }
}